Workbook

Sheet Tracker
A1: WyreStorm Wingman — Production Readiness Tracker
A2: Work through Phase A first (launch safety net), then B–F. Set Status from the dropdown; the Dashboard tab summarises progress.
A4: # | B4: Phase | C4: Task | D4: Priority | E4: Effort (days) | F4: Status | G4: Owner | H4: Notes / acceptance
A5: 1 | B5: A | C5: Remove 25 .bak files from src/ and add *.bak to .gitignore | D5: High | E5: 0.5 | F5: Not started | H5: Stops duplicate/stale pages being shipped
A6: 2 | B6: A | C6: Run full 'npm run verify' and fix until green end to end | D6: High | E6: 1 | F6: Not started | H6: Typecheck already passes; confirm build + all 25 guards
A7: 3 | B7: A | C7: Confirm 'npm run test' runs on your Windows machine | D7: High | E7: 0.5 | F7: Not started | H7: Native-module error seen in sandbox; rule out as env-only
A8: 4 | B8: A | C8: Opt into React Router v7 future flags | D8: Medium | E8: 0.5 | F8: Not started | H8: Clears dev warnings; avoids breaking upgrade later
A9: 5 | B9: A | C9: Tag a known-good baseline commit | D9: Medium | E9: 0.25 | F9: Not started | H9: Clean rollback point before feature work
A10: 6 | B10: B | C10: Validate EXP guardrail (never primary switcher) | D10: High | E10: 0.5 | F10: Not started | H10: EXP only for splitting / HDMI / local lectern switch
A11: 7 | B11: B | C11: Prove product-selection variety across scenarios | D11: High | E11: 1 | F11: Not started | H11: Engine must not default to same SKU on similar I/O
A12: 8 | B12: B | C12: Verify room-type & vertical differentiation | D12: High | E12: 1 | F12: Not started | H12: Corp/Edu/Gov/Hospitality, size, multi-screen, IP vs cable
A13: 9 | B13: B | C13: Surface UC caveats in output (Zoom-cert, not Teams-cert) | D13: Medium | E13: 0.5 | F13: Not started | H13: Teams MTRs must be tested before install
A14: 10 | B14: B | C14: Re-run product index + data-source audits; fix encoding | D14: Medium | E14: 0.5 | F14: Not started | H14: Resolve UTF-8 issues in template/product data
A15: 11 | B15: B | C15: Spot-check 6-8 representative BOMs for accuracy | D15: High | E15: 1 | F15: Not started | H15: Include 'by others' rows + signal-path assumptions
A16: 12 | B16: C | C16: GURU: works for guest + signed-in users | D16: High | E16: 1 | F16: Not started | H16: Tool and marketing demo; no silent mock fallback
... A36: 32 | B36: F | C36: Final verify + load test; production deploy; go/no-go | D36: High | E36: 0.5 | F36: Not started | H36: Against success criteria
C37: Total estimated effort (days) | E37: =SUM(E5:E36) -> 23.5

Sheet Dashboard
A1: Progress Dashboard
A3: Status | B3: Count
A4: Done | B4: =COUNTIF(Tracker!F:F,"Done") -> 0
A5: In progress | B5: =COUNTIF(Tracker!F:F,"In progress") -> 0
A6: Blocked | B6: =COUNTIF(Tracker!F:F,"Blocked") -> 0
A7: Not started | B7: =COUNTIF(Tracker!F:F,"Not started") -> 32
A8: Total tasks | B8: =COUNTA(Tracker!C5:C36) -> 32
A9: % complete | B9: =IF(B8=0,0,B4/B8) -> 0
A11: By phase
A12: Phase | B12: Tasks | C12: Done | D12: Effort (days)
A13: A — Stabilise & prove build | B13: =COUNTIF(Tracker!B:B,"A") -> 5 | C13: =COUNTIFS(Tracker!B:B,"A",Tracker!F:F,"Done") -> 0 | D13: =SUMIF(Tracker!B:B,"A",Tracker!E:E) -> 2.75
A14: B — Data & selection accuracy | B14: =COUNTIF(Tracker!B:B,"B") -> 6 | C14: =COUNTIFS(Tracker!B:B,"B",Tracker!F:F,"Done") -> 0 | D14: =SUMIF(Tracker!B:B,"B",Tracker!E:E) -> 4.5
A15: C — Feature completion | B15: =COUNTIF(Tracker!B:B,"C") -> 6 | C15: =COUNTIFS(Tracker!B:B,"C",Tracker!F:F,"Done") -> 0 | D15: =SUMIF(Tracker!B:B,"C",Tracker!E:E) -> 6
A16: D — Production infrastructure | B16: =COUNTIF(Tracker!B:B,"D") -> 7 | C16: =COUNTIFS(Tracker!B:B,"D",Tracker!F:F,"Done") -> 0 | D16: =SUMIF(Tracker!B:B,"D",Tracker!E:E) -> 5
A17: E — Security & compliance | B17: =COUNTIF(Tracker!B:B,"E") -> 4 | C17: =COUNTIFS(Tracker!B:B,"E",Tracker!F:F,"Done") -> 0 | D17: =SUMIF(Tracker!B:B,"E",Tracker!E:E) -> 2.25
A18: F — Launch | B18: =COUNTIF(Tracker!B:B,"F") -> 4 | C18: =COUNTIFS(Tracker!B:B,"F",Tracker!F:F,"Done") -> 0 | D18: =SUMIF(Tracker!B:B,"F",Tracker!E:E) -> 3

Sheet Decisions
A1: Decisions Needed From Steve
A3: Decision | B3: Why it matters / options | C3: Your call
A4: Production hosting | B4: Where app + API run (container host / VPS / cloud). Sets deploy target & TLS.
A5: Database | B5: Confirm Supabase (recommended, already coded) vs self-managed Postgres.
A6: Auth scope for launch | B6: Email/password only, or add SSO/OAuth? Affects Phase E.
A7: Gemini / search keys | B7: Confirm production API keys & quotas for GURU and competitor search.
A8: Launch audience | B8: Internal sales first, or external customers? Sets security/UAT bar.
